pubchem_cid,generic_name,atc_code,drugbank_id
2756,cimetidine,A02BA01,DB00501
5702160,famotidine,A02BA03,DB00927
3033637,nizatidine,A02BA04,DB00585
5282381,misoprostol,A02BB01|G02AD06,DB00929
4594,omeprazole,A02BC01,DB00338
4679,pantoprazole,A02BC02,DB00213
3883,lansoprazole,A02BC03,DB00448
5029,rabeprazole,A02BC04,DB01129
9579578,esomeprazole,A02BC05,DB00736
9578005,dexlansoprazole,A02BC06,DB05351
3042,dicycloverine,A03AA07,DB00804
2099,alosetron,A03AE01,DB00969
40703,pinaverium,A03AX04,DB09090
3661,hyoscyamine,A03BA03,DB00424
4595,ondansetron,A04AA01,DB00904
5284566,granisetron,A04AA02,DB00889
72165,tropisetron,A04AA03,DB11699
14476155,dolasetron,A04AA04,DB00757
6337614,palonosetron,A04AA05,DB00377
39860,nabilone,A04AD11,DB00486
151165,aprepitant,A04AD12,DB00673
31401,ursodeoxycholic acid,A05AA02,DB01586
5361917,methylnaltrexone bromide,A06AH01,DB06800
157920,lubiprostone,A06AX03,DB01046
3052762,prucalopride,A06AX05,DB06480
5487301,tegaserod,A06AX06,DB01079
6419957,streptomycin,A07AA04|J01GA01,DB01082
5280965,amphotericin b,A07AA07|J02AA01|A01AB04|G01AA03,DB00681
10034073,fidaxomicin,A07AA12,DB08874
5359476,sulfasalazine,A07EC01,DB00795
4075,mesalazine,A07EC02,DB00244
5462337,olsalazine,A07EC03,DB01250
5362070,balsalazide,A07EC04,DB01014
11658859,lorcaserin,A08AA11,DB04871
3034010,orlistat,A08AB01,DB01083
4091,metformin,A10BA02,DB00331
3478,glipizide,A10BB07,DB01067
3475,gliclazide,A10BB09,DB01120
3476,glimepiride,A10BB12,DB00222
77998,rosiglitazone,A10BG02,DB00412
4829,pioglitazone,A10BG03,DB01132
4369359,sitagliptin,A10BH01,DB01261
6918537,vildagliptin,A10BH02,DB04876
10096344,linagliptin,A10BH05,DB08882
9887712,dapagliflozin,A10BK01,DB06292
24812758,canagliflozin,A10BK02,DB08907
11949646,empagliflozin,A10BK03,DB09038
65981,repaglinide,A10BX02,DB00912
5311309,nateglinide,A10BX03,DB00731
5280453,calcitriol,A11CC04|D05AX03,DB00136
10917,levocarnitine,A16AA01,DB00583
5961,glutamine,A16AA03,DB00130
6058,mercaptamine,A16AA04|S01XA21,DB00847
247,betaine,A16AA06,DB06756
4775,sodium phenylbutyrate,A16AX03,DB06819
115355,nitisinone,A16AX04,DB00348
51634,miglustat,A16AX06,DB00419
44257,sapropterin,A16AX07,DB00360
10482134,glycerol phenylbutyrate,A16AX09,DB08909
23652731,eliglustat,A16AX10,DB09039
