setid,title,route_code,counts_for_this_ATC,drug,source_url,retrieved_utc
22d516d0-da22-4e3b-a4a5-135b009bc968,"AZELASTINE HYDROCHLORIDE SPRAY, METERED [CVS PHARMACY, INC]",N,False,azelastine,https://dailymed.nlm.nih.gov/dailymed/drugInfo.cfm?setid=22d516d0-da22-4e3b-a4a5-135b009bc968,2026-10-09T03:37:06+00:00
4f58c203-f649-a18e-aaf3-70b0797652f4,"AZELASTINE HYDROCHLORIDE SPRAY, METERED [APOTEX CORP. ]",N,False,azelastine,https://dailymed.nlm.nih.gov/dailymed/drugInfo.cfm?setid=4f58c203-f649-a18e-aaf3-70b0797652f4,2026-10-09T03:37:06+00:00
77a33738-ffcf-221c-1562-780418882e5d,AZELASTINE HYDROCHLORIDE SOLUTION/ DROPS [APOTEX CORP.],OPH,True,azelastine,https://dailymed.nlm.nih.gov/dailymed/drugInfo.cfm?setid=77a33738-ffcf-221c-1562-780418882e5d,2026-10-09T03:37:06+00:00
7bbc6514-bea3-0be0-e673-a8f6069025ff,"AZELASTINE HYDROCHLORIDE AND FLUTICASONE PROPIONATE SPRAY, METERED [APOTEX CORP.]",N,False,azelastine,https://dailymed.nlm.nih.gov/dailymed/drugInfo.cfm?setid=7bbc6514-bea3-0be0-e673-a8f6069025ff,2026-10-09T03:37:06+00:00
6945fb86-27fb-4bab-8908-98772c6269c5,AZELASTINE HYDROCHLORIDE SOLUTION/ DROPS [SANDOZ INC],OPH,True,azelastine,https://dailymed.nlm.nih.gov/dailymed/drugInfo.cfm?setid=6945fb86-27fb-4bab-8908-98772c6269c5,2026-10-09T03:37:06+00:00
7281c597-651e-4425-8208-7637cd9d3500,"AZELASTINE HYDROCHLORIDE SPRAY, METERED [AUROHEALTH LLC]",N,False,azelastine,https://dailymed.nlm.nih.gov/dailymed/drugInfo.cfm?setid=7281c597-651e-4425-8208-7637cd9d3500,2026-10-09T03:37:06+00:00
52f67910-11a7-6e7d-e063-6394a90ac9e8,"AZELASTINE HYDROCHLORIDE SPRAY, METERED [YYBA CORP]",N,False,azelastine,https://dailymed.nlm.nih.gov/dailymed/drugInfo.cfm?setid=52f67910-11a7-6e7d-e063-6394a90ac9e8,2026-10-09T03:37:06+00:00
8ae2aec7-329b-41bf-89d5-f189afb782ee,AZELASTINE HYDROCHLORIDE SOLUTION/ DROPS [FOSUN PHARMA USA INC],OPH,True,azelastine,https://dailymed.nlm.nih.gov/dailymed/drugInfo.cfm?setid=8ae2aec7-329b-41bf-89d5-f189afb782ee,2026-10-09T03:37:06+00:00
ec268981-433f-b26b-4ff0-3a121e0a0d08,"AZELASTINE HYDROCHLORIDE SPRAY, METERED [WALGREENS]",N,False,azelastine,https://dailymed.nlm.nih.gov/dailymed/drugInfo.cfm?setid=ec268981-433f-b26b-4ff0-3a121e0a0d08,2026-10-09T03:37:06+00:00
77b20c6b-f30f-42a9-a0ef-d5d0bd3feb56,"AZELASTINE SPRAY, METERED [ASCEND LABORATORIES, LLC]",N,False,azelastine,https://dailymed.nlm.nih.gov/dailymed/drugInfo.cfm?setid=77b20c6b-f30f-42a9-a0ef-d5d0bd3feb56,2026-10-09T03:37:06+00:00
37c40f8d-269c-4df8-8ac7-cbe78f4ca5c4,"AZELASTINE HYDROCHLORIDE SPRAY, METERED [PREFERRED PHARMACEUTICALS INC.]",N,False,azelastine,https://dailymed.nlm.nih.gov/dailymed/drugInfo.cfm?setid=37c40f8d-269c-4df8-8ac7-cbe78f4ca5c4,2026-10-09T03:37:06+00:00
bca75501-4140-4d77-e053-2a95a90a019f,"AZELASTINE HYDROCHLORIDE (AZELASTINE) SPRAY, METERED [AVKARE]",N,False,azelastine,https://dailymed.nlm.nih.gov/dailymed/drugInfo.cfm?setid=bca75501-4140-4d77-e053-2a95a90a019f,2026-10-09T03:37:06+00:00
e0640846-19a6-7f79-e053-2995a90a8176,"ASTEPRO ALLERGY (AZELASTINE HCL) SPRAY, METERED [BAYER HEALTHCARE LLC.]",N,False,azelastine,https://dailymed.nlm.nih.gov/dailymed/drugInfo.cfm?setid=e0640846-19a6-7f79-e053-2995a90a8176,2026-10-09T03:37:06+00:00
e26f9f67-4098-6d2e-e053-2995a90a8598,"CHILDREN ASTEPRO ALLERGY (AZELASTINE HCL) SPRAY, METERED [BAYER HEALTHCARE LLC.]",N,False,azelastine,https://dailymed.nlm.nih.gov/dailymed/drugInfo.cfm?setid=e26f9f67-4098-6d2e-e053-2995a90a8598,2026-10-09T03:37:06+00:00
a2ba9c1d-b21f-4816-bbe6-949a49e38572,"AZELASTINE HYDROCHLORIDE SPRAY, METERED [PREFERRED PHARMACEUTICALS INC.]",N,False,azelastine,https://dailymed.nlm.nih.gov/dailymed/drugInfo.cfm?setid=a2ba9c1d-b21f-4816-bbe6-949a49e38572,2026-10-09T03:37:06+00:00
02257284-4bb1-4fe6-8134-e5a67a645114,"AZELASTINE HYDROCHLORIDE SPRAY, METERED [A-S MEDICATION SOLUTIONS]",N,False,azelastine,https://dailymed.nlm.nih.gov/dailymed/drugInfo.cfm?setid=02257284-4bb1-4fe6-8134-e5a67a645114,2026-10-09T03:37:06+00:00
3e2fdb0d-c2f5-41ab-b1cd-4fae80648112,"AZELASTINE HYDROCHLORIDE SPRAY, METERED [ALLEGIANT HEALTH]",N,False,azelastine,https://dailymed.nlm.nih.gov/dailymed/drugInfo.cfm?setid=3e2fdb0d-c2f5-41ab-b1cd-4fae80648112,2026-10-09T03:37:06+00:00
72406ded-7886-41fb-b5c8-2d27a149aa34,"AZELASTINE HYDROCHLORIDE SOLUTION/ DROPS [SOMERSET THERAPEUTICS, LLC]",OPH,True,azelastine,https://dailymed.nlm.nih.gov/dailymed/drugInfo.cfm?setid=72406ded-7886-41fb-b5c8-2d27a149aa34,2026-10-09T03:37:06+00:00
82610437-25f4-4ae0-9d6a-381e9932f87d,"AZELASTINE HCL (AZELASTINE) SPRAY, METERED [AMNEAL PHARMACEUTICALS NY LLC]",N,False,azelastine,https://dailymed.nlm.nih.gov/dailymed/drugInfo.cfm?setid=82610437-25f4-4ae0-9d6a-381e9932f87d,2026-10-09T03:37:06+00:00
f358cecd-284f-4d0b-806c-039465220bd2,AZELASTINE HYDROCHLORIDE SOLUTION/ DROPS [GLAND PHARMA LIMITED],OPH,True,azelastine,https://dailymed.nlm.nih.gov/dailymed/drugInfo.cfm?setid=f358cecd-284f-4d0b-806c-039465220bd2,2026-10-09T03:37:06+00:00
7b5cc5a0-0d47-46b5-b5fb-eb9cc248ae9e,"AZELASTINE HYDROCHLORIDE AND FLUTICASONE PROPIONATE SPRAY, METERED [MYLAN PHARMACEUTICALS INC.]",N,False,azelastine,https://dailymed.nlm.nih.gov/dailymed/drugInfo.cfm?setid=7b5cc5a0-0d47-46b5-b5fb-eb9cc248ae9e,2026-10-09T03:37:06+00:00
0d45e7a4-900f-44ef-bb18-a1fbff75a3c6,"AZELASTINE HYDROCHLORIDE AND FLUTICASONE PROPIONATE SPRAY, METERED [TEVA PHARMACEUTICALS, INC.]",N,False,azelastine,https://dailymed.nlm.nih.gov/dailymed/drugInfo.cfm?setid=0d45e7a4-900f-44ef-bb18-a1fbff75a3c6,2026-10-09T03:37:06+00:00
4c557ec4-c4cf-11df-851a-0800200c9a66,"DYMISTA (AZELASTINE HYDROCHLORIDE AND FLUTICASONE PROPIONATE) SPRAY, METERED [VIATRIS SPECIALTY LLC]",N,False,azelastine,https://dailymed.nlm.nih.gov/dailymed/drugInfo.cfm?setid=4c557ec4-c4cf-11df-851a-0800200c9a66,2026-10-09T03:37:06+00:00
cc7ddac6-95fa-4bc0-824d-f80e404e8d32,"AZELASTINE HYDROCHLORIDE SPRAY, METERED [ALLEGIANT HEALTH]",N,False,azelastine,https://dailymed.nlm.nih.gov/dailymed/drugInfo.cfm?setid=cc7ddac6-95fa-4bc0-824d-f80e404e8d32,2026-10-09T03:37:06+00:00
cb0aca6d-ff9c-4239-8681-d212a6764ba9,"AZELASTINE HYDROCHLORIDE SPRAY, METERED [NORTHSTAR RX LLC]",N,False,azelastine,https://dailymed.nlm.nih.gov/dailymed/drugInfo.cfm?setid=cb0aca6d-ff9c-4239-8681-d212a6764ba9,2026-10-09T03:37:06+00:00
e95227ff-5747-4a35-a1b8-b1019fe1e61c,"AZELASTINE HYDROCHLORIDE AND FLUTICASONE PROPIONATE SPRAY, METERED [BRYANT RANCH PREPACK]",N,False,azelastine,https://dailymed.nlm.nih.gov/dailymed/drugInfo.cfm?setid=e95227ff-5747-4a35-a1b8-b1019fe1e61c,2026-10-09T03:37:06+00:00
1a930a09-db26-40aa-bb05-123a0d7182bc,"AZELASTINE HYDROCHLORIDE AND FLUTICASONE PROPIONATE SPRAY, METERED [BRYANT RANCH PREPACK]",N,False,azelastine,https://dailymed.nlm.nih.gov/dailymed/drugInfo.cfm?setid=1a930a09-db26-40aa-bb05-123a0d7182bc,2026-10-09T03:37:06+00:00
625ffdd0-8486-49af-8e77-6aa663be5ac7,"AZELASTINE HYDROCHLORIDE AND FLUTICASONE PROPIONATE SPRAY, METERED [PADAGIS ISRAEL PHARMACEUTICALS LTD]",N,False,azelastine,https://dailymed.nlm.nih.gov/dailymed/drugInfo.cfm?setid=625ffdd0-8486-49af-8e77-6aa663be5ac7,2026-10-09T03:37:06+00:00
7532ed82-5cfa-49da-83e5-c57ffdd3adbb,AZELASTINE HYDROCHLORIDE OPHTHALMIC SOLUTION 0.05% SOLUTION/ DROPS [ALEMBIC PHARMACEUTICALS INC.],OPH,True,azelastine,https://dailymed.nlm.nih.gov/dailymed/drugInfo.cfm?setid=7532ed82-5cfa-49da-83e5-c57ffdd3adbb,2026-10-09T03:37:06+00:00
753d7a69-b0da-4350-9dc5-97f26ebe5cc0,AZELASTINE HYDROCHLORIDE SOLUTION/ DROPS [ALEMBIC PHARMACEUTICALS LIMITED],OPH,True,azelastine,https://dailymed.nlm.nih.gov/dailymed/drugInfo.cfm?setid=753d7a69-b0da-4350-9dc5-97f26ebe5cc0,2026-10-09T03:37:06+00:00
fc9d031d-428d-4d53-8e63-feb96d5ab01a,"AZELASTINE HYDROCHLORIDE SPRAY, METERED [A-S MEDICATION SOLUTIONS]",N,False,azelastine,https://dailymed.nlm.nih.gov/dailymed/drugInfo.cfm?setid=fc9d031d-428d-4d53-8e63-feb96d5ab01a,2026-10-09T03:37:06+00:00
97c91a09-98d0-4666-8448-0bd50c02bb14,"AZELASTINE HYDROCHLORIDE SPRAY, METERED [AUROBINDO PHARMA LIMITED]",N,False,azelastine,https://dailymed.nlm.nih.gov/dailymed/drugInfo.cfm?setid=97c91a09-98d0-4666-8448-0bd50c02bb14,2026-10-09T03:37:06+00:00
7902605c-944a-4d7e-a7d4-eb4a71bcacdb,"AZELASTINE HYDROCHLORIDE (AZELASTINE) SPRAY, METERED [AMNEAL PHARMACEUTICALS LLC]",N,False,azelastine,https://dailymed.nlm.nih.gov/dailymed/drugInfo.cfm?setid=7902605c-944a-4d7e-a7d4-eb4a71bcacdb,2026-10-09T03:37:06+00:00
11a74cae-a15b-4a6b-a8c0-1e6a234ee258,"AZELASTINE HYDROCHLORIDE SPRAY, METERED [PROFICIENT RX LP]",N,False,azelastine,https://dailymed.nlm.nih.gov/dailymed/drugInfo.cfm?setid=11a74cae-a15b-4a6b-a8c0-1e6a234ee258,2026-10-09T03:37:06+00:00
06ac404a-aa75-413d-b85b-d5e07b1b82cd,"AZELASTINE HYDROCHLORIDE SPRAY, METERED [RPK PHARMACEUTICALS, INC.]",N,False,azelastine,https://dailymed.nlm.nih.gov/dailymed/drugInfo.cfm?setid=06ac404a-aa75-413d-b85b-d5e07b1b82cd,2026-10-09T03:37:06+00:00
31cf2bd9-fbb5-4931-9202-9784d8d6aad0,"AZELASTINE HYDROCHLORIDE SOLUTION/ DROPS [RPK PHARMACEUTICALS, INC.]",OPH,True,azelastine,https://dailymed.nlm.nih.gov/dailymed/drugInfo.cfm?setid=31cf2bd9-fbb5-4931-9202-9784d8d6aad0,2026-10-09T03:37:06+00:00
74de4d22-e6e0-4050-bf86-403ca6945cce,"AZELASTINE HYDROCHLORIDE SPRAY, METERED [RPK PHARMACEUTICALS, INC.]",N,False,azelastine,https://dailymed.nlm.nih.gov/dailymed/drugInfo.cfm?setid=74de4d22-e6e0-4050-bf86-403ca6945cce,2026-10-09T03:37:06+00:00
2ffdc506-c432-405c-91d5-0cabe7bcbf86,"AZELASTINE HYDROCHLORIDE SPRAY, METERED [RPK PHARMACEUTICALS, INC.]",N,False,azelastine,https://dailymed.nlm.nih.gov/dailymed/drugInfo.cfm?setid=2ffdc506-c432-405c-91d5-0cabe7bcbf86,2026-10-09T03:37:06+00:00
fc69f672-17ec-4d86-b5af-086fd260b512,"AZELASTINE HYDROCHLORIDE SPRAY, METERED [AKORN]",N,False,azelastine,https://dailymed.nlm.nih.gov/dailymed/drugInfo.cfm?setid=fc69f672-17ec-4d86-b5af-086fd260b512,2026-10-09T03:37:06+00:00
c922833b-e10d-13a4-e053-2995a90abc88,"AZELASTINE HYDROCHLORIDE SPRAY, METERED [NUCARE PHARMACEUTICALS,INC.]",N,False,azelastine,https://dailymed.nlm.nih.gov/dailymed/drugInfo.cfm?setid=c922833b-e10d-13a4-e053-2995a90abc88,2026-10-09T03:37:06+00:00
c9239ce9-f77f-0db4-e053-2995a90aa4ec,"AZELASTINE HYDROCHLORIDE SPRAY, METERED [NUCARE PHARMACEUTICALS,INC.]",N,False,azelastine,https://dailymed.nlm.nih.gov/dailymed/drugInfo.cfm?setid=c9239ce9-f77f-0db4-e053-2995a90aa4ec,2026-10-09T03:37:06+00:00
a710e553-9ce8-4c92-a186-1649ec10b88d,"AZELASTINE HYDROCHLORIDE (AZELASTINE) SPRAY, METERED [A-S MEDICATION SOLUTIONS]",N,False,azelastine,https://dailymed.nlm.nih.gov/dailymed/drugInfo.cfm?setid=a710e553-9ce8-4c92-a186-1649ec10b88d,2026-10-09T03:37:06+00:00
826e1b87-e59a-8637-e053-2991aa0aded1,"AZELASTINE HYDROCHLORIDE SPRAY, METERED [H.J. HARKINS COMPANY, INC.]",N,False,azelastine,https://dailymed.nlm.nih.gov/dailymed/drugInfo.cfm?setid=826e1b87-e59a-8637-e053-2991aa0aded1,2026-10-09T03:37:06+00:00
305c6dc8-8247-473d-9975-b02903af6d53,"AZELASTINE HYDROCHLORIDE SPRAY, METERED [SUN PHARMACEUTICAL INDUSTRIES, INC.]",N,False,azelastine,https://dailymed.nlm.nih.gov/dailymed/drugInfo.cfm?setid=305c6dc8-8247-473d-9975-b02903af6d53,2026-10-09T03:37:06+00:00
04e5eede-17ff-4765-af77-d46c139da703,"AZELASTINE HYDROCHLORIDE SOLUTION/ DROPS [SUN PHARMACEUTICAL INDUSTRIES, INC.]",OPH,True,azelastine,https://dailymed.nlm.nih.gov/dailymed/drugInfo.cfm?setid=04e5eede-17ff-4765-af77-d46c139da703,2026-10-09T03:37:06+00:00
666f0e35-577d-4ebf-b3ed-3660725f8277,"AZELASTINE HYDROCHLORIDE SPRAY, METERED [PHYSICIANS TOTAL CARE, INC.]",N,False,azelastine,https://dailymed.nlm.nih.gov/dailymed/drugInfo.cfm?setid=666f0e35-577d-4ebf-b3ed-3660725f8277,2026-10-09T03:37:06+00:00
944349ca-7cdb-441a-8fd0-b8616857d338,"ASTELIN (AZELASTINE HYDROCHLORIDE) SPRAY, METERED [PHYSICIANS TOTAL CARE, INC.]",N,False,azelastine,https://dailymed.nlm.nih.gov/dailymed/drugInfo.cfm?setid=944349ca-7cdb-441a-8fd0-b8616857d338,2026-10-09T03:37:06+00:00
