url,status,bytes,utc,cached
https://atcddd.fhi.no/atc_ddd_index/?code=A01A&showdescription=no,200,10225,2026-10-09T17:38:19+00:00,True
https://atcddd.fhi.no/atc_ddd_index/?code=A02B&showdescription=no,200,10372,2026-10-09T17:38:19+00:00,True
https://atcddd.fhi.no/atc_ddd_index/?code=A03A&showdescription=no,200,10518,2026-10-09T17:38:19+00:00,True
https://atcddd.fhi.no/atc_ddd_index/?code=A03B&showdescription=no,200,10064,2026-10-09T17:38:19+00:00,True
https://atcddd.fhi.no/atc_ddd_index/?code=A04A&showdescription=no,200,9984,2026-10-09T17:38:20+00:00,True
https://atcddd.fhi.no/atc_ddd_index/?code=A05A&showdescription=no,200,10073,2026-10-09T17:38:20+00:00,True
https://atcddd.fhi.no/atc_ddd_index/?code=A06A&showdescription=no,200,10415,2026-10-09T17:38:20+00:00,True
https://atcddd.fhi.no/atc_ddd_index/?code=A07A&showdescription=no,200,10177,2026-10-09T17:38:20+00:00,True
https://atcddd.fhi.no/atc_ddd_index/?code=A07E&showdescription=no,200,10155,2026-10-09T17:38:21+00:00,True
https://atcddd.fhi.no/atc_ddd_index/?code=A08A&showdescription=no,200,10137,2026-10-09T17:38:21+00:00,True
https://atcddd.fhi.no/atc_ddd_index/?code=A10A&showdescription=no,200,10407,2026-10-09T17:38:21+00:00,True
https://atcddd.fhi.no/atc_ddd_index/?code=A10B&showdescription=no,200,10802,2026-10-09T17:38:21+00:00,True
https://atcddd.fhi.no/atc_ddd_index/?code=A11C&showdescription=no,200,10070,2026-10-09T17:38:21+00:00,True
https://atcddd.fhi.no/atc_ddd_index/?code=A16A&showdescription=no,200,10121,2026-10-09T17:38:22+00:00,True
https://atcddd.fhi.no/atc_ddd_index/?code=B01A&showdescription=no,200,10418,2026-10-09T17:38:22+00:00,True
https://atcddd.fhi.no/atc_ddd_index/?code=B02A&showdescription=no,200,9945,2026-10-09T17:38:22+00:00,True
https://atcddd.fhi.no/atc_ddd_index/?code=B02B&showdescription=no,200,10212,2026-10-09T17:38:22+00:00,True
https://atcddd.fhi.no/atc_ddd_index/?code=B03A&showdescription=no,200,10273,2026-10-09T17:38:23+00:00,True
https://atcddd.fhi.no/atc_ddd_index/?code=B03X&showdescription=no,200,9895,2026-10-09T17:38:23+00:00,True
https://atcddd.fhi.no/atc_ddd_index/?code=B05A&showdescription=no,200,10013,2026-10-09T17:38:23+00:00,True
https://atcddd.fhi.no/atc_ddd_index/?code=B05B&showdescription=no,200,10114,2026-10-09T17:38:23+00:00,True
https://atcddd.fhi.no/atc_ddd_index/?code=B05C&showdescription=no,200,10061,2026-10-09T17:38:23+00:00,True
https://atcddd.fhi.no/atc_ddd_index/?code=B05X&showdescription=no,200,10145,2026-10-09T17:38:24+00:00,True
https://atcddd.fhi.no/atc_ddd_index/?code=B06A&showdescription=no,200,10145,2026-10-09T17:38:24+00:00,True
https://atcddd.fhi.no/atc_ddd_index/?code=C01A&showdescription=no,200,10120,2026-10-09T17:38:24+00:00,True
https://atcddd.fhi.no/atc_ddd_index/?code=C01B&showdescription=no,200,10255,2026-10-09T17:38:24+00:00,True
https://atcddd.fhi.no/atc_ddd_index/?code=C01C&showdescription=no,200,10081,2026-10-09T17:38:25+00:00,True
https://atcddd.fhi.no/atc_ddd_index/?code=C01D&showdescription=no,200,10070,2026-10-09T17:38:25+00:00,True
https://atcddd.fhi.no/atc_ddd_index/?code=C01E&showdescription=no,200,10052,2026-10-09T17:38:25+00:00,True
https://atcddd.fhi.no/atc_ddd_index/?code=C02A&showdescription=no,200,10051,2026-10-09T17:38:25+00:00,True
https://atcddd.fhi.no/atc_ddd_index/?code=C02C&showdescription=no,200,9983,2026-10-09T17:38:25+00:00,True
https://atcddd.fhi.no/atc_ddd_index/?code=C02D&showdescription=no,200,10252,2026-10-09T17:38:26+00:00,True
https://atcddd.fhi.no/atc_ddd_index/?code=C02K&showdescription=no,200,10343,2026-10-09T17:38:26+00:00,True
https://atcddd.fhi.no/atc_ddd_index/?code=C03A&showdescription=no,200,10198,2026-10-09T17:38:26+00:00,True
https://atcddd.fhi.no/atc_ddd_index/?code=C03B&showdescription=no,200,10351,2026-10-09T17:38:26+00:00,True
https://atcddd.fhi.no/atc_ddd_index/?code=C03C&showdescription=no,200,10240,2026-10-09T17:38:27+00:00,True
https://atcddd.fhi.no/atc_ddd_index/?code=C03D&showdescription=no,200,9991,2026-10-09T17:38:27+00:00,True
https://atcddd.fhi.no/atc_ddd_index/?code=C03X&showdescription=no,200,9852,2026-10-09T17:38:27+00:00,True
https://atcddd.fhi.no/atc_ddd_index/?code=C04A&showdescription=no,200,10404,2026-10-09T17:38:27+00:00,True
https://atcddd.fhi.no/atc_ddd_index/?code=C05A&showdescription=no,200,10287,2026-10-09T17:38:27+00:00,True
https://atcddd.fhi.no/atc_ddd_index/?code=C05B&showdescription=no,200,10071,2026-10-09T17:38:28+00:00,True
https://atcddd.fhi.no/atc_ddd_index/?code=C07A&showdescription=no,200,10073,2026-10-09T17:38:28+00:00,True
https://atcddd.fhi.no/atc_ddd_index/?code=C08C&showdescription=no,200,10054,2026-10-09T17:38:28+00:00,True
https://atcddd.fhi.no/atc_ddd_index/?code=C08D&showdescription=no,200,10012,2026-10-09T17:38:28+00:00,True
https://atcddd.fhi.no/atc_ddd_index/?code=C08E&showdescription=no,200,10005,2026-10-09T17:38:28+00:00,True
https://atcddd.fhi.no/atc_ddd_index/?code=C09A&showdescription=no,200,9892,2026-10-09T17:38:29+00:00,True
https://atcddd.fhi.no/atc_ddd_index/?code=C09C&showdescription=no,200,9942,2026-10-09T17:38:29+00:00,True
https://atcddd.fhi.no/atc_ddd_index/?code=C09X&showdescription=no,200,10034,2026-10-09T17:38:29+00:00,True
https://atcddd.fhi.no/atc_ddd_index/?code=C10A&showdescription=no,200,10236,2026-10-09T17:38:29+00:00,True
https://atcddd.fhi.no/atc_ddd_index/?code=D01A&showdescription=no,200,10070,2026-10-09T17:38:30+00:00,True
https://atcddd.fhi.no/atc_ddd_index/?code=D01B&showdescription=no,200,9889,2026-10-09T17:38:30+00:00,True
https://atcddd.fhi.no/atc_ddd_index/?code=D04A&showdescription=no,200,10115,2026-10-09T17:38:30+00:00,True
https://atcddd.fhi.no/atc_ddd_index/?code=D05A&showdescription=no,200,10126,2026-10-09T17:38:30+00:00,True
https://atcddd.fhi.no/atc_ddd_index/?code=D05B&showdescription=no,200,10075,2026-10-09T17:38:30+00:00,True
https://atcddd.fhi.no/atc_ddd_index/?code=D06A&showdescription=no,200,10009,2026-10-09T17:38:31+00:00,True
https://atcddd.fhi.no/atc_ddd_index/?code=D06B&showdescription=no,200,10065,2026-10-09T17:38:31+00:00,True
https://atcddd.fhi.no/atc_ddd_index/?code=D07A&showdescription=no,200,10213,2026-10-09T17:38:31+00:00,True
https://atcddd.fhi.no/atc_ddd_index/?code=D07X&showdescription=no,200,10262,2026-10-09T17:38:31+00:00,True
https://atcddd.fhi.no/atc_ddd_index/?code=D09A&showdescription=no,200,10044,2026-10-09T17:38:32+00:00,True
https://atcddd.fhi.no/atc_ddd_index/?code=D10A&showdescription=no,200,10392,2026-10-09T17:38:32+00:00,True
https://atcddd.fhi.no/atc_ddd_index/?code=D10B&showdescription=no,200,10002,2026-10-09T17:38:32+00:00,True
https://atcddd.fhi.no/atc_ddd_index/?code=D11A&showdescription=no,200,10351,2026-10-09T17:38:32+00:00,True
https://atcddd.fhi.no/atc_ddd_index/?code=G01A&showdescription=no,200,10550,2026-10-09T17:38:32+00:00,True
https://atcddd.fhi.no/atc_ddd_index/?code=G02A&showdescription=no,200,10157,2026-10-09T17:38:33+00:00,True
https://atcddd.fhi.no/atc_ddd_index/?code=G02C&showdescription=no,200,10189,2026-10-09T17:38:33+00:00,True
https://atcddd.fhi.no/atc_ddd_index/?code=G03A&showdescription=no,200,10242,2026-10-09T17:38:33+00:00,True
https://atcddd.fhi.no/atc_ddd_index/?code=G03B&showdescription=no,200,10005,2026-10-09T17:38:33+00:00,True
https://atcddd.fhi.no/atc_ddd_index/?code=G03C&showdescription=no,200,10201,2026-10-09T17:38:34+00:00,True
https://atcddd.fhi.no/atc_ddd_index/?code=G03D&showdescription=no,200,10078,2026-10-09T17:38:34+00:00,True
https://atcddd.fhi.no/atc_ddd_index/?code=G03G&showdescription=no,200,10025,2026-10-09T17:38:34+00:00,True
https://atcddd.fhi.no/atc_ddd_index/?code=G03H&showdescription=no,200,9997,2026-10-09T17:38:34+00:00,True
https://atcddd.fhi.no/atc_ddd_index/?code=G03X&showdescription=no,200,10285,2026-10-09T17:38:34+00:00,True
https://atcddd.fhi.no/atc_ddd_index/?code=G04B&showdescription=no,200,10240,2026-10-09T17:38:35+00:00,True
https://atcddd.fhi.no/atc_ddd_index/?code=G04C&showdescription=no,200,10128,2026-10-09T17:38:35+00:00,True
https://atcddd.fhi.no/atc_ddd_index/?code=H01A&showdescription=no,200,10241,2026-10-09T17:38:35+00:00,True
https://atcddd.fhi.no/atc_ddd_index/?code=H01B&showdescription=no,200,10042,2026-10-09T17:38:35+00:00,True
https://atcddd.fhi.no/atc_ddd_index/?code=H01C&showdescription=no,200,10142,2026-10-09T17:38:36+00:00,True
https://atcddd.fhi.no/atc_ddd_index/?code=H02A&showdescription=no,200,10017,2026-10-09T17:38:36+00:00,True
https://atcddd.fhi.no/atc_ddd_index/?code=H05A&showdescription=no,200,9934,2026-10-09T17:38:36+00:00,True
https://atcddd.fhi.no/atc_ddd_index/?code=H05B&showdescription=no,200,10007,2026-10-09T17:38:36+00:00,True
https://atcddd.fhi.no/atc_ddd_index/?code=J01A&showdescription=no,200,9872,2026-10-09T17:38:36+00:00,True
https://atcddd.fhi.no/atc_ddd_index/?code=J01C&showdescription=no,200,10340,2026-10-09T17:38:37+00:00,True
https://atcddd.fhi.no/atc_ddd_index/?code=J01D&showdescription=no,200,10453,2026-10-09T17:38:37+00:00,True
https://atcddd.fhi.no/atc_ddd_index/?code=J01E&showdescription=no,200,10312,2026-10-09T17:38:37+00:00,True
https://atcddd.fhi.no/atc_ddd_index/?code=J01F&showdescription=no,200,10057,2026-10-09T17:38:37+00:00,True
https://atcddd.fhi.no/atc_ddd_index/?code=J01G&showdescription=no,200,9975,2026-10-09T17:38:38+00:00,True
https://atcddd.fhi.no/atc_ddd_index/?code=J01M&showdescription=no,200,9968,2026-10-09T17:38:38+00:00,True
https://atcddd.fhi.no/atc_ddd_index/?code=J01X&showdescription=no,200,10318,2026-10-09T17:38:38+00:00,True
https://atcddd.fhi.no/atc_ddd_index/?code=J02A&showdescription=no,200,10172,2026-10-09T17:38:38+00:00,True
https://atcddd.fhi.no/atc_ddd_index/?code=J04A&showdescription=no,200,10371,2026-10-09T17:38:38+00:00,True
https://atcddd.fhi.no/atc_ddd_index/?code=J04B&showdescription=no,200,9889,2026-10-09T17:38:39+00:00,True
https://atcddd.fhi.no/atc_ddd_index/?code=J05A&showdescription=no,200,10998,2026-10-09T17:38:39+00:00,True
https://atcddd.fhi.no/atc_ddd_index/?code=L01A&showdescription=no,200,10294,2026-10-09T17:38:39+00:00,True
https://atcddd.fhi.no/atc_ddd_index/?code=L01B&showdescription=no,200,10050,2026-10-09T17:38:39+00:00,True
https://atcddd.fhi.no/atc_ddd_index/?code=L01C&showdescription=no,200,10379,2026-10-09T17:38:39+00:00,True
https://atcddd.fhi.no/atc_ddd_index/?code=L01D&showdescription=no,200,10100,2026-10-09T17:38:40+00:00,True
https://atcddd.fhi.no/atc_ddd_index/?code=L01X&showdescription=no,200,11087,2026-10-09T17:38:40+00:00,True
https://atcddd.fhi.no/atc_ddd_index/?code=L02A&showdescription=no,200,10143,2026-10-09T17:38:40+00:00,True
https://atcddd.fhi.no/atc_ddd_index/?code=L02B&showdescription=no,200,10171,2026-10-09T17:38:40+00:00,True
https://atcddd.fhi.no/atc_ddd_index/?code=L03A&showdescription=no,200,10127,2026-10-09T17:38:41+00:00,True
https://atcddd.fhi.no/atc_ddd_index/?code=L04A&showdescription=no,200,11025,2026-10-09T17:38:41+00:00,True
https://atcddd.fhi.no/atc_ddd_index/?code=M01A&showdescription=no,200,10476,2026-10-09T17:38:41+00:00,True
https://atcddd.fhi.no/atc_ddd_index/?code=M01C&showdescription=no,200,10171,2026-10-09T17:38:41+00:00,True
https://atcddd.fhi.no/atc_ddd_index/?code=M02A&showdescription=no,200,10274,2026-10-09T17:38:41+00:00,True
https://atcddd.fhi.no/atc_ddd_index/?code=M03A&showdescription=no,200,10185,2026-10-09T17:38:42+00:00,True
https://atcddd.fhi.no/atc_ddd_index/?code=M03B&showdescription=no,200,10195,2026-10-09T17:38:42+00:00,True
https://atcddd.fhi.no/atc_ddd_index/?code=M03C&showdescription=no,200,9889,2026-10-09T17:38:42+00:00,True
https://atcddd.fhi.no/atc_ddd_index/?code=M04A&showdescription=no,200,10212,2026-10-09T17:38:42+00:00,True
https://atcddd.fhi.no/atc_ddd_index/?code=M05B&showdescription=no,200,10216,2026-10-09T17:38:43+00:00,True
https://atcddd.fhi.no/atc_ddd_index/?code=N01A&showdescription=no,200,10295,2026-10-09T17:38:43+00:00,True
https://atcddd.fhi.no/atc_ddd_index/?code=N01B&showdescription=no,200,10103,2026-10-09T17:38:43+00:00,True
https://atcddd.fhi.no/atc_ddd_index/?code=N02A&showdescription=no,200,10595,2026-10-09T17:38:43+00:00,True
https://atcddd.fhi.no/atc_ddd_index/?code=N02B&showdescription=no,200,10201,2026-10-09T17:38:43+00:00,True
https://atcddd.fhi.no/atc_ddd_index/?code=N02C&showdescription=no,200,10254,2026-10-09T17:38:44+00:00,True
https://atcddd.fhi.no/atc_ddd_index/?code=N03A&showdescription=no,200,10474,2026-10-09T17:38:44+00:00,True
https://atcddd.fhi.no/atc_ddd_index/?code=N04B&showdescription=no,200,10220,2026-10-09T17:38:44+00:00,True
https://atcddd.fhi.no/atc_ddd_index/?code=N05A&showdescription=no,200,10792,2026-10-09T17:38:44+00:00,True
https://atcddd.fhi.no/atc_ddd_index/?code=N05B&showdescription=no,200,10300,2026-10-09T17:38:45+00:00,True
https://atcddd.fhi.no/atc_ddd_index/?code=N05C&showdescription=no,200,10720,2026-10-09T17:38:45+00:00,True
https://atcddd.fhi.no/atc_ddd_index/?code=N06A&showdescription=no,200,10269,2026-10-09T17:38:45+00:00,True
https://atcddd.fhi.no/atc_ddd_index/?code=N06B&showdescription=no,200,10089,2026-10-09T17:38:45+00:00,True
https://atcddd.fhi.no/atc_ddd_index/?code=N06D&showdescription=no,200,9943,2026-10-09T17:38:45+00:00,True
https://atcddd.fhi.no/atc_ddd_index/?code=N07A&showdescription=no,200,10035,2026-10-09T17:38:46+00:00,True
https://atcddd.fhi.no/atc_ddd_index/?code=N07B&showdescription=no,200,10085,2026-10-09T17:38:46+00:00,True
https://atcddd.fhi.no/atc_ddd_index/?code=N07C&showdescription=no,200,9872,2026-10-09T17:38:46+00:00,True
https://atcddd.fhi.no/atc_ddd_index/?code=N07X&showdescription=no,200,9982,2026-10-09T17:38:46+00:00,True
https://atcddd.fhi.no/atc_ddd_index/?code=P01A&showdescription=no,200,10327,2026-10-09T17:38:47+00:00,True
https://atcddd.fhi.no/atc_ddd_index/?code=P01B&showdescription=no,200,10413,2026-10-09T17:38:47+00:00,True
https://atcddd.fhi.no/atc_ddd_index/?code=P01C&showdescription=no,200,10298,2026-10-09T17:38:47+00:00,True
https://atcddd.fhi.no/atc_ddd_index/?code=P02C&showdescription=no,200,10340,2026-10-09T17:38:47+00:00,True
https://atcddd.fhi.no/atc_ddd_index/?code=R01A&showdescription=no,200,10298,2026-10-09T17:38:47+00:00,True
https://atcddd.fhi.no/atc_ddd_index/?code=R02A&showdescription=no,200,10103,2026-10-09T17:38:48+00:00,True
https://atcddd.fhi.no/atc_ddd_index/?code=R03A&showdescription=no,200,10520,2026-10-09T17:38:48+00:00,True
https://atcddd.fhi.no/atc_ddd_index/?code=R03B&showdescription=no,200,10218,2026-10-09T17:38:48+00:00,True
https://atcddd.fhi.no/atc_ddd_index/?code=R03C&showdescription=no,200,10245,2026-10-09T17:38:48+00:00,True
https://atcddd.fhi.no/atc_ddd_index/?code=R03D&showdescription=no,200,10207,2026-10-09T17:38:49+00:00,True
https://atcddd.fhi.no/atc_ddd_index/?code=R05C&showdescription=no,200,9973,2026-10-09T17:38:49+00:00,True
https://atcddd.fhi.no/atc_ddd_index/?code=R05D&showdescription=no,200,10006,2026-10-09T17:38:49+00:00,True
https://atcddd.fhi.no/atc_ddd_index/?code=R06A&showdescription=no,200,10443,2026-10-09T17:38:49+00:00,True
https://atcddd.fhi.no/atc_ddd_index/?code=R07A&showdescription=no,200,10071,2026-10-09T17:38:49+00:00,True
https://atcddd.fhi.no/atc_ddd_index/?code=S01A&showdescription=no,200,10162,2026-10-09T17:38:50+00:00,True
https://atcddd.fhi.no/atc_ddd_index/?code=S01B&showdescription=no,200,10074,2026-10-09T17:38:50+00:00,True
https://atcddd.fhi.no/atc_ddd_index/?code=S01C&showdescription=no,200,10180,2026-10-09T17:38:50+00:00,True
https://atcddd.fhi.no/atc_ddd_index/?code=S01E&showdescription=no,200,10341,2026-10-09T17:38:50+00:00,True
https://atcddd.fhi.no/atc_ddd_index/?code=S01G&showdescription=no,200,9969,2026-10-09T17:38:51+00:00,True
https://atcddd.fhi.no/atc_ddd_index/?code=S01H&showdescription=no,200,9849,2026-10-09T17:38:51+00:00,True
https://atcddd.fhi.no/atc_ddd_index/?code=S01J&showdescription=no,200,9954,2026-10-09T17:38:51+00:00,True
https://atcddd.fhi.no/atc_ddd_index/?code=S01L&showdescription=no,200,9875,2026-10-09T17:38:51+00:00,True
https://atcddd.fhi.no/atc_ddd_index/?code=S01X&showdescription=no,200,9861,2026-10-09T17:38:51+00:00,True
https://atcddd.fhi.no/atc_ddd_index/?code=S02A&showdescription=no,200,9837,2026-10-09T17:38:52+00:00,True
https://atcddd.fhi.no/atc_ddd_index/?code=S02B&showdescription=no,200,9839,2026-10-09T17:38:52+00:00,True
https://atcddd.fhi.no/atc_ddd_index/?code=S02D&showdescription=no,200,9942,2026-10-09T17:38:52+00:00,True
https://atcddd.fhi.no/atc_ddd_index/?code=S03A&showdescription=no,200,9870,2026-10-09T17:38:52+00:00,True
https://atcddd.fhi.no/atc_ddd_index/?code=S03B&showdescription=no,200,9872,2026-10-09T17:38:52+00:00,True
https://atcddd.fhi.no/atc_ddd_index/?code=V03A&showdescription=no,200,10810,2026-10-09T17:38:53+00:00,True
https://atcddd.fhi.no/atc_ddd_index/?code=V04C&showdescription=no,200,10992,2026-10-09T17:38:53+00:00,True
https://atcddd.fhi.no/atc_ddd_index/?code=V08A&showdescription=no,200,10239,2026-10-09T17:38:53+00:00,True
https://atcddd.fhi.no/atc_ddd_index/?code=V08C&showdescription=no,200,10084,2026-10-09T17:38:53+00:00,True
https://atcddd.fhi.no/atc_ddd_index/?code=V09A&showdescription=no,200,10109,2026-10-09T17:38:54+00:00,True
https://atcddd.fhi.no/atc_ddd_index/?code=V09G&showdescription=no,200,10107,2026-10-09T17:38:54+00:00,True
https://atcddd.fhi.no/atc_ddd_index/?code=V10B&showdescription=no,200,9904,2026-10-09T17:38:54+00:00,True
https://atcddd.fhi.no/atc_ddd_index/?code=V10X&showdescription=no,200,10001,2026-10-09T17:38:54+00:00,True
"https://pubchem.ncbi.nlm.nih.gov/rest/pug/compound/cid/137,247,444,598,772,923,1003,1727,1775,1978,1983,2022,2082,2083,2088,2092,2094,2099,2118,2130,2153,2156,2159,2161,2162,2179,2182,2187,2216,2249,2265,2266,2267,2284,2351,2366,2369,2375,2405,2435,2441,2471,2474,2477,2478,2519,2520,2541,2554,2578,2585,2662,2708,2732,2749,2754,2756,2764,2771,2789,2801,2802,2803,2818,2881,2895,2907,2955,2973,3009,3016,3032,3042,3108,3121,3152,3157,3158,3261,3324,3331,3339,3345,3348,3355,3365,3380,3385,3386,3397,3414,3440,3446,3454,3463,3475,3476,3478,3494,3519/property/XLogP,TPSA,MolecularWeight,HBondDonorCount,HBondAcceptorCount,RotatableBondCount,HeavyAtomCount,Complexity,Charge,MolecularFormula,Title,InChIKey/JSON",200,41876,2026-10-09T17:56:31+00:00,True
"https://pubchem.ncbi.nlm.nih.gov/rest/pug/compound/cid/3559,3637,3639,3657,3661,3672,3676,3690,3696,3702,3715,3724,3730,3736,3738,3746,3749,3784,3826,3869,3878,3883,3899,3902,3948,3957,3958,3961,3964,4011,4033,4051,4054,4075,4086,4091,4158,4170,4171,4173,4174,4178,4184,4189,4192,4195,4205,4212,4236,4274,4409,4436,4440,4449,4463,4485,4493,4497,4499,4510,4539,4583,4585,4594,4595,4609,4634,4673,4679,4725,4735,4740,4775,4828,4829,4845,4893,4932,4946,4991,4999,5002,5029,5035,5070,5071,5073,5078,5090,5095,5152,5212,5245,5253,5291,5358,5379,5381,5391,5394/property/XLogP,TPSA,MolecularWeight,HBondDonorCount,HBondAcceptorCount,RotatableBondCount,HeavyAtomCount,Complexity,Charge,MolecularFormula,Title,InChIKey/JSON",200,41587,2026-10-09T17:56:32+00:00,True
"https://pubchem.ncbi.nlm.nih.gov/rest/pug/compound/cid/5401,5403,5426,5453,5468,5479,5487,5526,5533,5556,5578,5582,5596,5625,5656,5665,5717,5719,5732,5734,5743,5754,5757,5768,5771,5775,5852,5909,5961,5994,6005,6006,6013,6018,6058,6167,6238,6251,6252,6432,7187,9433,9444,9642,9651,10413,10531,10607,10631,10917,12035,12536,13109,14888,14969,16230,16362,16850,18283,18381,19090,20279,20469,21319,22318,23951,23957,26757,27661,28417,29029,29327,30323,31100,31307,31401,31703,32797,33613,33624,33741,34312,35370,36294,36462,36523,37392,37464,37542,37720,38904,39042,39147,39186,39860,40703,41684,41693,41781,41867/property/XLogP,TPSA,MolecularWeight,HBondDonorCount,HBondAcceptorCount,RotatableBondCount,HeavyAtomCount,Complexity,Charge,MolecularFormula,Title,InChIKey/JSON",200,42347,2026-10-09T17:56:33+00:00,True
"https://pubchem.ncbi.nlm.nih.gov/rest/pug/compound/cid/42113,42890,43672,43815,44257,44563,47319,47528,47641,47725,47811,50224,50599,51038,51263,51634,53232,54373,54454,54687,54746,54840,54891,55245,55283,55331,55480,55891,56329,56338,56959,57363,57469,59226,59768,60164,60198,60464,60606,60648,60699,60706,60714,60749,60751,60752,60772,60774,60779,60795,60814,60822,60825,60830,60834,60837,60843,60846,60852,60853,60855,60857,60871,60877,60934,60946,60953,60961,62819,62886,62959,63009,64139,64142,64147,64780,65014,65016,65028,65139,65492,65628,65840,65856,65866,65981,65999,68740,68844,71158,71301,71329,71348,71360,71384,71386,71616,72165,73303,73491/property/XLogP,TPSA,MolecularWeight,HBondDonorCount,HBondAcceptorCount,RotatableBondCount,HeavyAtomCount,Complexity,Charge,MolecularFormula,Title,InChIKey/JSON",200,42633,2026-10-09T17:56:39+00:00,True
"https://pubchem.ncbi.nlm.nih.gov/rest/pug/compound/cid/74989,77990,77992,77993,77998,82146,82148,82153,83030,83898,84029,89594,92253,92721,92974,101526,104741,104758,104799,104865,107807,107969,108150,110634,110635,115237,115355,119182,119569,119607,121749,121892,123606,123631,124087,125017,126941,129211,129228,131535,132971,134018,134780,146570,148192,149096,150311,150610,151165,151171,153941,153994,154058,154100,154256,156391,156418,157920,157921,158781,159269,160051,163091,163296,166548,168708,168924,170361,175804,176870,193962,208898,208902,208908,213039,213046,216235,216237,216239,216326,216416,219024,219078,259331,358641,387447,392622,439693,441193,441335,441383,441401,443872,444013,444030,444795,445643,446155,446156,446157/property/XLogP,TPSA,MolecularWeight,HBondDonorCount,HBondAcceptorCount,RotatableBondCount,HeavyAtomCount,Complexity,Charge,MolecularFormula,Title,InChIKey/JSON",200,42119,2026-10-09T17:56:40+00:00,True
"https://pubchem.ncbi.nlm.nih.gov/rest/pug/compound/cid/446541,446596,447043,448812,449171,449193,451668,452548,460612,466146,468595,474409,636380,644241,657180,657237,969472,1548943,1548954,1548999,1549007,2724385,2733525,2826718,3000226,3001028,3002190,3002977,3005572,3010818,3011155,3033637,3033825,3034010,3036505,3052762,3052775,3062316,3081361,3081884,3083544,3085017,3086257,3086674,4369359,4659569,5273759,5277135,5280453,5280754,5280954,5280965,5281004,5281006,5281037,5281040,5281071,5281081,5281104,5281107,5282226,5282379,5282381,5282411,5284513,5284537,5284543,5284566,5284569,5284570,5284583,5284594,5284603,5284616,5284627,5288169,5288826,5311027,5311065,5311068,5311101,5311221,5311309,5312125,5324345,5328940,5329098,5329102,5352019,5352062,5353562,5359476,5360373,5360515,5360696,5361092,5361917,5362070,5362118,5362123/property/XLogP,TPSA,MolecularWeight,HBondDonorCount,HBondAcceptorCount,RotatableBondCount,HeavyAtomCount,Complexity,Charge,MolecularFormula,Title,InChIKey/JSON",200,42403,2026-10-09T17:56:41+00:00,True
"https://pubchem.ncbi.nlm.nih.gov/rest/pug/compound/cid/5362129,5362420,5362440,5388906,5388961,5462337,5479530,5479537,5481173,5481350,5484727,5486971,5487301,5493381,5493444,5702160,5742832,6321408,6321411,6323490,6324671,6328144,6337614,6419957,6433212,6435110,6435378,6436173,6442177,6445540,6450551,6451164,6509979,6602291,6604100,6850789,6917715,6918140,6918155,6918204,6918250,6918289,6918313,6918453,6918456,6918493,6918537,6918554,6918558,6918638,6918670,9571107,9578005,9578572,9579578,9690109,9838021,9852981,9854073,9854489,9865528,9868491,9869929,9871419,9875401,9881504,9887712,9916860,9924495,9926791,9930048,9966051,10034073,10077129,10096344,10113978,10182969,10184653,10220503,10324367,10482134,11167602,11234049,11304743,11467166,11504294,11519069,11556711,11561674,11597697,11626560,11658859,11672602,11707110,11949646,12993649,13559281,14476155,15950376,15951529/property/XLogP,TPSA,MolecularWeight,HBondDonorCount,HBondAcceptorCount,RotatableBondCount,HeavyAtomCount,Complexity,Charge,MolecularFormula,Title,InChIKey/JSON",200,43538,2026-10-09T17:56:42+00:00,True
"https://pubchem.ncbi.nlm.nih.gov/rest/pug/compound/cid/16004692,16129665,16129672,16129682,16129688,16129690,16129703,16129704,16130199,16130965,16131215,16132265,16132418,16132438,16132441,16134956,16136245,16136912,16137271,16157882,16220172,23652731,23668479,23690938,24776445,24812758,24821094,24822371,24826799,24873435,24965990,25074470,25077649,25077993,25081014,25102847,25126797,25151504,25181561,25244225,26275995,42611257,44146714,44201342,44201343,44462760,44564107,44567678,45375808,46216142,53320414,54671203,54684141,54686904,56841124,70683012,70695640,70788982,71306834/property/XLogP,TPSA,MolecularWeight,HBondDonorCount,HBondAcceptorCount,RotatableBondCount,HeavyAtomCount,Complexity,Charge,MolecularFormula,Title,InChIKey/JSON",200,27133,2026-10-09T17:56:42+00:00,True
https://pubchem.ncbi.nlm.nih.gov/rest/pug/compound/inchikey/ALOBUEHUHMBRLE-UHFFFAOYSA-N/cids/JSON,200,61,2026-10-09T17:38:58+00:00,True
https://pubchem.ncbi.nlm.nih.gov/rest/pug/compound/inchikey/ASMXXROZKSBQIH-UHFFFAOYSA-N/cids/JSON,200,64,2026-10-09T17:39:01+00:00,True
https://pubchem.ncbi.nlm.nih.gov/rest/pug/compound/inchikey/AXFGWXLCWCNPHP-UHFFFAOYSA-N/cids/JSON,200,61,2026-10-09T17:39:02+00:00,True
https://pubchem.ncbi.nlm.nih.gov/rest/pug/compound/inchikey/BVKZGUZCCUSVTD-UHFFFAOYSA-N/cids/JSON,200,107,2026-10-09T17:40:13+00:00,True
https://pubchem.ncbi.nlm.nih.gov/rest/pug/compound/inchikey/AZSNMRSAGSSBNP-OUVLHCMNSA-N/cids/JSON,200,63,2026-10-09T17:39:02+00:00,True
https://pubchem.ncbi.nlm.nih.gov/rest/pug/compound/inchikey/CCQPAEQGAVNNIA-UHFFFAOYSA-N/cids/JSON,200,76,2026-10-09T17:40:13+00:00,True
https://pubchem.ncbi.nlm.nih.gov/rest/pug/compound/inchikey/COKMIXFXJJXBQG-NRFANRHFSA-N/cids/JSON,200,77,2026-10-09T17:40:28+00:00,True
https://pubchem.ncbi.nlm.nih.gov/rest/pug/compound/inchikey/CJOFXWAVKWHTFT-XSFVSMFZSA-N/cids/JSON,200,63,2026-10-09T17:40:15+00:00,True
https://pubchem.ncbi.nlm.nih.gov/rest/pug/compound/inchikey/COUYJEVMBVSIHV-SFHVURJKSA-N/cids/JSON,200,64,2026-10-09T17:40:31+00:00,True
https://pubchem.ncbi.nlm.nih.gov/rest/pug/compound/inchikey/CZFFBEXEKNGXKS-UHFFFAOYSA-N/cids/JSON,200,64,2026-10-09T17:41:17+00:00,True
https://pubchem.ncbi.nlm.nih.gov/rest/pug/compound/inchikey/CUWODFFVMXJOKD-UVLQAERKSA-N/cids/JSON,200,61,2026-10-09T17:41:16+00:00,True
https://pubchem.ncbi.nlm.nih.gov/rest/pug/compound/inchikey/CZMRCDWAGMRECN-UGDNZRGBSA-N/cids/JSON,200,60,2026-10-09T17:41:36+00:00,True
https://pubchem.ncbi.nlm.nih.gov/rest/pug/compound/inchikey/DDHUTBKXLWCZCO-UHFFFAOYSA-N/cids/JSON,200,61,2026-10-09T17:41:41+00:00,True
https://pubchem.ncbi.nlm.nih.gov/rest/pug/compound/inchikey/DEQANNDTNATYII-OLNBODJMSA-N/cids/JSON,200,61,2026-10-09T17:41:41+00:00,True
https://pubchem.ncbi.nlm.nih.gov/rest/pug/compound/inchikey/DJBNUMBKLMJRSA-UHFFFAOYSA-N/cids/JSON,200,60,2026-10-09T17:56:43+00:00,True
https://pubchem.ncbi.nlm.nih.gov/rest/pug/compound/inchikey/DCOPUUMXTXDBNB-UHFFFAOYSA-N/cids/JSON,200,60,2026-10-09T17:41:41+00:00,True
https://pubchem.ncbi.nlm.nih.gov/rest/pug/compound/inchikey/DMJNNHOOLUXYBV-FHLMHDLWSA-N/cids/JSON,200,61,2026-10-09T17:41:47+00:00,True
https://pubchem.ncbi.nlm.nih.gov/rest/pug/compound/inchikey/DUGOZIWVEXMGBE-CHWSQXEVSA-N/cids/JSON,200,62,2026-10-09T17:41:51+00:00,True
https://pubchem.ncbi.nlm.nih.gov/rest/pug/compound/inchikey/FABPRXSRWADJSP-MEDUHNTESA-N/cids/JSON,200,78,2026-10-09T17:42:33+00:00,True
https://pubchem.ncbi.nlm.nih.gov/rest/pug/compound/inchikey/DOMXUEMWDBAQBQ-WEVVVXLNSA-N/cids/JSON,200,63,2026-10-09T17:41:48+00:00,True
https://pubchem.ncbi.nlm.nih.gov/rest/pug/compound/inchikey/FASDKYOPVNHBLU-ZETCQYMHSA-N/cids/JSON,200,62,2026-10-09T17:58:14+00:00,True
https://pubchem.ncbi.nlm.nih.gov/rest/pug/compound/inchikey/FFTVPQUHLQBXQZ-KVUCHLLUSA-N/cids/JSON,200,80,2026-10-09T17:43:26+00:00,True
https://pubchem.ncbi.nlm.nih.gov/rest/pug/compound/inchikey/FBOUYBDGKBSUES-VXKWHMMOSA-N/cids/JSON,200,62,2026-10-09T17:43:25+00:00,True
https://pubchem.ncbi.nlm.nih.gov/rest/pug/compound/inchikey/FOHHNHSLJDZUGQ-UHFFFAOYSA-N/cids/JSON,200,61,2026-10-09T17:43:28+00:00,True
https://pubchem.ncbi.nlm.nih.gov/rest/pug/compound/inchikey/GBABOYUKABKIAF-BXZSYHTRSA-N/cids/JSON,200,61,2026-10-09T17:43:30+00:00,True
https://pubchem.ncbi.nlm.nih.gov/rest/pug/compound/inchikey/GBXSMTUPTTWBMN-XIRDDKMYSA-N/cids/JSON,200,79,2026-10-09T17:43:30+00:00,True
https://pubchem.ncbi.nlm.nih.gov/rest/pug/compound/inchikey/FVTWTVQXNAJTQP-UHFFFAOYSA-N/cids/JSON,200,64,2026-10-09T17:43:29+00:00,True
https://pubchem.ncbi.nlm.nih.gov/rest/pug/compound/inchikey/GFIJNRVAKGFPGQ-LIJARHBVSA-N/cids/JSON,200,62,2026-10-09T17:43:33+00:00,True
https://pubchem.ncbi.nlm.nih.gov/rest/pug/compound/inchikey/GJJFMKBJSRMPLA-HIFRSBDPSA-N/cids/JSON,200,61,2026-10-09T17:43:43+00:00,True
https://pubchem.ncbi.nlm.nih.gov/rest/pug/compound/inchikey/GJNXBNATEDXMAK-RXXWGPEVSA-N/cids/JSON,200,64,2026-10-09T17:43:43+00:00,True
https://pubchem.ncbi.nlm.nih.gov/rest/pug/compound/inchikey/GKIRPKYJQBWNGO-QPLCGJKRSA-N/cids/JSON,200,63,2026-10-09T17:58:15+00:00,True
https://pubchem.ncbi.nlm.nih.gov/rest/pug/compound/inchikey/GIIZNNXWQWCKIB-UHFFFAOYSA-N/cids/JSON,200,60,2026-10-09T17:56:43+00:00,True
https://pubchem.ncbi.nlm.nih.gov/rest/pug/compound/inchikey/HDOVUKNUBWVHOX-QMMMGPOBSA-N/cids/JSON,200,93,2026-10-09T17:44:59+00:00,True
https://pubchem.ncbi.nlm.nih.gov/rest/pug/compound/inchikey/HGMSJMJPXGGEBP-UHFFFAOYSA-N/cids/JSON,200,64,2026-10-09T17:45:01+00:00,True
https://pubchem.ncbi.nlm.nih.gov/rest/pug/compound/inchikey/HHHKFGXWKKUNCY-FHWLQOOXSA-N/cids/JSON,200,77,2026-10-09T17:45:01+00:00,True
https://pubchem.ncbi.nlm.nih.gov/rest/pug/compound/inchikey/HFNKQEVNSGCOJV-OAHLLOKOSA-N/cids/JSON,200,64,2026-10-09T17:45:00+00:00,True
https://pubchem.ncbi.nlm.nih.gov/rest/pug/compound/inchikey/HXGBXQDTNZMWGS-RUZDIDTESA-N/cids/JSON,200,62,2026-10-09T17:45:06+00:00,True
https://pubchem.ncbi.nlm.nih.gov/rest/pug/compound/inchikey/IMZMKUWMOSJXDT-UHFFFAOYSA-N/cids/JSON,200,60,2026-10-09T17:45:10+00:00,True
https://pubchem.ncbi.nlm.nih.gov/rest/pug/compound/inchikey/IQUHNCOJRJBMSU-UHFFFAOYSA-N/cids/JSON,200,61,2026-10-09T17:46:12+00:00,True
https://pubchem.ncbi.nlm.nih.gov/rest/pug/compound/inchikey/IEDVJHCEMCRBQM-UHFFFAOYSA-N/cids/JSON,200,60,2026-10-09T17:45:08+00:00,True
https://pubchem.ncbi.nlm.nih.gov/rest/pug/compound/inchikey/IYIKLHRQXLHMJQ-UHFFFAOYSA-N/cids/JSON,200,60,2026-10-09T17:46:14+00:00,True
https://pubchem.ncbi.nlm.nih.gov/rest/pug/compound/inchikey/JVLBPIPGETUEET-GAAHOAFPSA-O/cids/JSON,200,63,2026-10-09T17:46:23+00:00,True
https://pubchem.ncbi.nlm.nih.gov/rest/pug/compound/inchikey/JSDRRTOADPPCHY-HSQYWUDLSA-N/cids/JSON,200,77,2026-10-09T17:46:17+00:00,True
https://pubchem.ncbi.nlm.nih.gov/rest/pug/compound/inchikey/JYLAITRQWJPNBC-UHFFFAOYSA-N/cids/JSON,200,63,2026-10-09T17:46:23+00:00,True
https://pubchem.ncbi.nlm.nih.gov/rest/pug/compound/inchikey/KANJSNBRCNMZMV-ABRZTLGGSA-N/cids/JSON,200,63,2026-10-09T17:46:25+00:00,True
https://pubchem.ncbi.nlm.nih.gov/rest/pug/compound/inchikey/KFQYTPMOWPVWEJ-INIZCTEOSA-N/cids/JSON,200,61,2026-10-09T17:58:15+00:00,True
https://pubchem.ncbi.nlm.nih.gov/rest/pug/compound/inchikey/JZNZSKXIEDHOBD-UHFFFAOYSA-N/cids/JSON,200,62,2026-10-09T17:46:24+00:00,True
https://pubchem.ncbi.nlm.nih.gov/rest/pug/compound/inchikey/KKGQTZUTZRNORY-UHFFFAOYSA-N/cids/JSON,200,62,2026-10-09T17:47:28+00:00,True
https://pubchem.ncbi.nlm.nih.gov/rest/pug/compound/inchikey/KXNPVXPOPUZYGB-IOVMHBDKSA-N/cids/JSON,200,61,2026-10-09T17:47:32+00:00,True
https://pubchem.ncbi.nlm.nih.gov/rest/pug/compound/inchikey/LDJVNWFKNMYYNT-SQFISAMPSA-N/cids/JSON,200,63,2026-10-09T17:47:33+00:00,True
https://pubchem.ncbi.nlm.nih.gov/rest/pug/compound/inchikey/LERNTVKEWCAPOY-UHFFFAOYSA-N/cids/JSON,200,61,2026-10-09T17:47:34+00:00,True
https://pubchem.ncbi.nlm.nih.gov/rest/pug/compound/inchikey/KWTWDQCKEHXFFR-SMDDNHRTSA-N/cids/JSON,200,63,2026-10-09T17:47:32+00:00,True
https://pubchem.ncbi.nlm.nih.gov/rest/pug/compound/inchikey/LNWUJZFINASOIN-YQIRIWJNSA-N/cids/JSON,200,98,2026-10-09T17:48:37+00:00,True
https://pubchem.ncbi.nlm.nih.gov/rest/pug/compound/inchikey/LOUPRKONTZGTKE-NBGVHYBESA-N/cids/JSON,200,60,2026-10-09T17:48:40+00:00,True
https://pubchem.ncbi.nlm.nih.gov/rest/pug/compound/inchikey/LULLIKNODDLMDQ-UHFFFAOYSA-N/cids/JSON,200,62,2026-10-09T17:48:40+00:00,True
https://pubchem.ncbi.nlm.nih.gov/rest/pug/compound/inchikey/LZMPYSIUWPEIRA-XFXZXTDPSA-N/cids/JSON,200,63,2026-10-09T17:48:41+00:00,True
https://pubchem.ncbi.nlm.nih.gov/rest/pug/compound/inchikey/LXBGSDVWAMZHDD-UHFFFAOYSA-N/cids/JSON,200,61,2026-10-09T17:48:40+00:00,True
https://pubchem.ncbi.nlm.nih.gov/rest/pug/compound/inchikey/MCGSCOLBFJQGHM-PEHGTWAWSA-N/cids/JSON,200,61,2026-10-09T17:48:44+00:00,True
https://pubchem.ncbi.nlm.nih.gov/rest/pug/compound/inchikey/MJZJYWCQPMNPRM-UHFFFAOYSA-N/cids/JSON,200,62,2026-10-09T17:49:46+00:00,True
https://pubchem.ncbi.nlm.nih.gov/rest/pug/compound/inchikey/MCGSCOLBFJQGHM-SCZZXKLOSA-N/cids/JSON,200,62,2026-10-09T17:48:42+00:00,True
https://pubchem.ncbi.nlm.nih.gov/rest/pug/compound/inchikey/MLBVMOWEQCZNCC-OEMFJLHTSA-N/cids/JSON,200,62,2026-10-09T17:50:06+00:00,True
https://pubchem.ncbi.nlm.nih.gov/rest/pug/compound/inchikey/MVWVFYHBGMAFLY-UHFFFAOYSA-N/cids/JSON,200,61,2026-10-09T17:49:56+00:00,True
https://pubchem.ncbi.nlm.nih.gov/rest/pug/compound/inchikey/MTMGAHSPYQRCFL-RNLOPGSRSA-N/cids/JSON,200,64,2026-10-09T17:49:56+00:00,True
https://pubchem.ncbi.nlm.nih.gov/rest/pug/compound/inchikey/NBIIXXVUZAFLBC-UHFFFAOYSA-N/cids/JSON,200,110,2026-10-09T17:50:03+00:00,True
https://pubchem.ncbi.nlm.nih.gov/rest/pug/compound/inchikey/NKANXQFJJICGDU-QPLCGJKRSA-N/cids/JSON,200,63,2026-10-09T17:58:15+00:00,True
https://pubchem.ncbi.nlm.nih.gov/rest/pug/compound/inchikey/NJRXVEJTAYWCQJ-UHFFFAOYSA-N/cids/JSON,200,60,2026-10-09T17:50:08+00:00,True
https://pubchem.ncbi.nlm.nih.gov/rest/pug/compound/inchikey/NOYPYLRCIDNJJB-UHFFFAOYSA-N/cids/JSON,200,60,2026-10-09T17:58:15+00:00,True
https://pubchem.ncbi.nlm.nih.gov/rest/pug/compound/inchikey/OHJKXVLJWUPWQG-IUYNYSEKSA-N/cids/JSON,200,64,2026-10-09T17:58:16+00:00,True
https://pubchem.ncbi.nlm.nih.gov/rest/pug/compound/inchikey/OUYCCCASQSFEME-QMMMGPOBSA-N/cids/JSON,200,75,2026-10-09T17:58:16+00:00,True
https://pubchem.ncbi.nlm.nih.gov/rest/pug/compound/inchikey/OEIYJWYTUDFZBH-UHFFFAOYSA-N/cids/JSON,200,62,2026-10-09T17:58:16+00:00,True
https://pubchem.ncbi.nlm.nih.gov/rest/pug/compound/inchikey/OZOMQRBLCMDCEG-VIZOYTHASA-N/cids/JSON,200,63,2026-10-09T17:58:16+00:00,True
https://pubchem.ncbi.nlm.nih.gov/rest/pug/compound/inchikey/PUDHBTGHUJUUFI-UHFFFAOYSA-N/cids/JSON,200,61,2026-10-09T17:58:47+00:00,True
https://pubchem.ncbi.nlm.nih.gov/rest/pug/compound/inchikey/QAGYKUNXZHXKMR-HKWSIXNMSA-N/cids/JSON,200,61,2026-10-09T17:58:47+00:00,True
https://pubchem.ncbi.nlm.nih.gov/rest/pug/compound/inchikey/OZVBMTJYIDMWIL-AYFBDAFISA-N/cids/JSON,200,61,2026-10-09T17:58:17+00:00,True
https://pubchem.ncbi.nlm.nih.gov/rest/pug/compound/inchikey/QCHFTSOMWOSFHM-WPRPVWTQSA-N/cids/JSON,200,60,2026-10-09T17:58:47+00:00,True
https://pubchem.ncbi.nlm.nih.gov/rest/pug/compound/inchikey/QYIYFLOTGYLRGG-GPCCPHFNSA-N/cids/JSON,200,76,2026-10-09T17:59:18+00:00,True
https://pubchem.ncbi.nlm.nih.gov/rest/pug/compound/inchikey/QWAXKHKRTORLEM-UGJKXSETSA-N/cids/JSON,200,62,2026-10-09T17:58:52+00:00,True
https://pubchem.ncbi.nlm.nih.gov/rest/pug/compound/inchikey/RHWKPHLQXYSBKR-BMIGLBTASA-N/cids/JSON,200,64,2026-10-09T17:59:18+00:00,True
https://pubchem.ncbi.nlm.nih.gov/rest/pug/compound/inchikey/RUOKEQAAGRXIBM-GFCCVEGCSA-N/cids/JSON,200,63,2026-10-09T17:59:28+00:00,True
https://pubchem.ncbi.nlm.nih.gov/rest/pug/compound/inchikey/RVGLGHVJXCETIO-UHFFFAOYSA-N/cids/JSON,200,61,2026-10-09T18:00:03+00:00,True
https://pubchem.ncbi.nlm.nih.gov/rest/pug/compound/inchikey/RLAWWYSOJDYHDC-BZSNNMDCSA-N/cids/JSON,200,96,2026-10-09T17:59:23+00:00,True
https://pubchem.ncbi.nlm.nih.gov/rest/pug/compound/inchikey/SDUQYLNIPVEERB-QPPQHZFASA-N/cids/JSON,200,61,2026-10-09T18:00:04+00:00,True
https://pubchem.ncbi.nlm.nih.gov/rest/pug/compound/inchikey/SGEGOXDYSFKCPT-UHFFFAOYSA-N/cids/JSON,200,63,2026-10-09T18:06:52+00:00,True
https://pubchem.ncbi.nlm.nih.gov/rest/pug/compound/inchikey/SFOZKJGZNOBSHF-RGDJUOJXSA-N/cids/JSON,200,61,2026-10-09T18:06:50+00:00,True
https://pubchem.ncbi.nlm.nih.gov/rest/pug/compound/inchikey/SSJXIUAHEKJCMH-UHFFFAOYSA-N/cids/JSON,200,60,2026-10-09T18:07:51+00:00,True
https://pubchem.ncbi.nlm.nih.gov/rest/pug/compound/inchikey/TVLSRXXIMLFWEO-UHFFFAOYSA-N/cids/JSON,200,61,2026-10-09T18:07:51+00:00,True
https://pubchem.ncbi.nlm.nih.gov/rest/pug/compound/inchikey/TZFNLOMSOLWIDK-UHFFFAOYSA-N/cids/JSON,200,92,2026-10-09T18:07:51+00:00,True
https://pubchem.ncbi.nlm.nih.gov/rest/pug/compound/inchikey/SUJUHGSWHZTSEU-FYBSXPHGSA-N/cids/JSON,200,64,2026-10-09T18:07:21+00:00,True
https://pubchem.ncbi.nlm.nih.gov/rest/pug/compound/inchikey/TZRFSLHOCZEXCC-HIVFKXHNSA-N/cids/JSON,200,64,2026-10-09T18:07:52+00:00,True
https://pubchem.ncbi.nlm.nih.gov/rest/pug/compound/inchikey/UCJGJABZCDBEDK-UHFFFAOYSA-N/cids/JSON,200,62,2026-10-09T18:07:52+00:00,True
https://pubchem.ncbi.nlm.nih.gov/rest/pug/compound/inchikey/UCFGDBYHRUNTLO-QHCPKHFHSA-N/cids/JSON,200,78,2026-10-09T18:07:52+00:00,True
https://pubchem.ncbi.nlm.nih.gov/rest/pug/compound/inchikey/UCSJYZPVAKXKNQ-ZCTIVXDHSA-N/cids/JSON,200,80,2026-10-09T18:07:52+00:00,True
https://pubchem.ncbi.nlm.nih.gov/rest/pug/compound/inchikey/UHDGCWIWMRVCDJ-CCXZUQQUSA-N/cids/JSON,200,60,2026-10-09T18:07:52+00:00,True
https://pubchem.ncbi.nlm.nih.gov/rest/pug/compound/inchikey/UWKQSNNFCGGAFS-XIFFEERXSA-N/cids/JSON,200,61,2026-10-09T18:07:53+00:00,True
https://pubchem.ncbi.nlm.nih.gov/rest/pug/compound/inchikey/VBHQKCBVWWUUKN-KZNAEPCWSA-N/cids/JSON,200,63,2026-10-09T18:07:53+00:00,True
https://pubchem.ncbi.nlm.nih.gov/rest/pug/compound/inchikey/VDHAWDNDOKGFTD-MRXNPFEDSA-N/cids/JSON,200,62,2026-10-09T18:07:53+00:00,True
https://pubchem.ncbi.nlm.nih.gov/rest/pug/compound/inchikey/VHGCDTVCOLNTBX-QGZVFWFLSA-N/cids/JSON,200,61,2026-10-09T18:07:54+00:00,True
https://pubchem.ncbi.nlm.nih.gov/rest/pug/compound/inchikey/VMZMNAABQBOLAK-DBILLSOUSA-N/cids/JSON,200,63,2026-10-09T18:07:58+00:00,True
https://pubchem.ncbi.nlm.nih.gov/rest/pug/compound/inchikey/VGKDLMBJGBXTGI-SJCJKPOMSA-N/cids/JSON,200,61,2026-10-09T18:07:53+00:00,True
https://pubchem.ncbi.nlm.nih.gov/rest/pug/compound/inchikey/VOBHXZCDAVEXEY-JSGCOSHPSA-N/cids/JSON,200,64,2026-10-09T18:07:55+00:00,True
https://pubchem.ncbi.nlm.nih.gov/rest/pug/compound/inchikey/VVJKKWFAADXIJK-UHFFFAOYSA-N/cids/JSON,200,60,2026-10-09T18:07:55+00:00,True
https://pubchem.ncbi.nlm.nih.gov/rest/pug/compound/inchikey/WRUUGTRCQOWXEG-UHFFFAOYSA-N/cids/JSON,200,76,2026-10-09T18:08:00+00:00,True
https://pubchem.ncbi.nlm.nih.gov/rest/pug/compound/inchikey/XPCFTKFZXHTYIP-PMACEKPBSA-N/cids/JSON,200,79,2026-10-09T18:07:58+00:00,True
https://pubchem.ncbi.nlm.nih.gov/rest/pug/compound/inchikey/XSDQTOBWRPYKKA-UHFFFAOYSA-N/cids/JSON,200,78,2026-10-09T18:07:59+00:00,True
https://pubchem.ncbi.nlm.nih.gov/rest/pug/compound/inchikey/XFCLJVABOIYOMF-QPLCGJKRSA-N/cids/JSON,200,63,2026-10-09T18:07:58+00:00,True
https://pubchem.ncbi.nlm.nih.gov/rest/pug/compound/inchikey/XSVMFMHYUFZWBK-NSHDSACASA-N/cids/JSON,200,61,2026-10-09T18:07:59+00:00,True
https://pubchem.ncbi.nlm.nih.gov/rest/pug/compound/inchikey/XTTZERNUQAFMOF-QMMMGPOBSA-N/cids/JSON,200,64,2026-10-09T18:07:59+00:00,True
https://pubchem.ncbi.nlm.nih.gov/rest/pug/compound/inchikey/XUKUURHRXDUEBC-KAYWLYCHSA-N/cids/JSON,200,61,2026-10-09T18:07:59+00:00,True
https://pubchem.ncbi.nlm.nih.gov/rest/pug/compound/inchikey/YASAKCUCGLMORW-UHFFFAOYSA-N/cids/JSON,200,61,2026-10-09T18:08:00+00:00,True
https://pubchem.ncbi.nlm.nih.gov/rest/pug/compound/inchikey/YIQPUIGJQJDJOS-UHFFFAOYSA-N/cids/JSON,200,61,2026-10-09T18:08:00+00:00,True
https://pubchem.ncbi.nlm.nih.gov/rest/pug/compound/inchikey/XWLUWCNOOVRFPX-UHFFFAOYSA-N/cids/JSON,200,61,2026-10-09T18:08:00+00:00,True
https://pubchem.ncbi.nlm.nih.gov/rest/pug/compound/inchikey/YMDXZJFXQJVXBF-STHAYSLISA-N/cids/JSON,200,62,2026-10-09T18:08:00+00:00,True
https://pubchem.ncbi.nlm.nih.gov/rest/pug/compound/inchikey/YUUAYBAIHCDHHD-UHFFFAOYSA-N/cids/JSON,200,62,2026-10-09T18:08:00+00:00,True
https://pubchem.ncbi.nlm.nih.gov/rest/pug/compound/inchikey/YXEBKWHSNZQQPQ-UHFFFAOYSA-N/cids/JSON,200,62,2026-10-09T18:08:01+00:00,True
https://pubchem.ncbi.nlm.nih.gov/rest/pug/compound/inchikey/YXSLJKQTIDHPOT-LJCJQEJUSA-N/cids/JSON,200,61,2026-10-09T18:08:01+00:00,True
https://pubchem.ncbi.nlm.nih.gov/rest/pug/compound/inchikey/ZBGXUVOIWDMMJE-QHNZEKIYSA-N/cids/JSON,200,64,2026-10-09T18:08:01+00:00,True
https://pubchem.ncbi.nlm.nih.gov/rest/pug/compound/inchikey/ZFXYFBGIUFBOJW-UHFFFAOYSA-N/cids/JSON,200,60,2026-10-09T18:08:02+00:00,True
https://pubchem.ncbi.nlm.nih.gov/rest/pug/compound/inchikey/ZEUITGRIYCTCEM-KRWDZBQOSA-N/cids/JSON,200,61,2026-10-09T18:08:01+00:00,True
https://pubchem.ncbi.nlm.nih.gov/rest/pug/compound/inchikey/ZJAOAACCNHFJAH-UHFFFAOYSA-N/cids/JSON,200,60,2026-10-09T18:08:02+00:00,True
https://pubchem.ncbi.nlm.nih.gov/rest/pug/compound/inchikey/ZKLPARSLTMPFCP-OAQYLSRUSA-N/cids/JSON,200,79,2026-10-09T18:08:02+00:00,True
https://pubchem.ncbi.nlm.nih.gov/rest/pug/compound/inchikey/ZKMNUMMKYBVTFN-HNNXBMFYSA-N/cids/JSON,200,62,2026-10-09T18:08:02+00:00,True
https://pubchem.ncbi.nlm.nih.gov/rest/pug/compound/inchikey/ZTVQQQVZCWLTDF-UHFFFAOYSA-N/cids/JSON,200,61,2026-10-09T18:08:03+00:00,True
https://pubchem.ncbi.nlm.nih.gov/rest/pug/compound/inchikey/ZRVUJXDFFKFLMG-UHFFFAOYSA-N/cids/JSON,200,64,2026-10-09T18:08:02+00:00,True
"https://pubchem.ncbi.nlm.nih.gov/rest/pug/compound/cid/767,1004,2157,2563,2568,2882,3033,3356,3415,4610,4674,5583,5910,5953,5988,6057,6253,6268,7853,12749,16231,31101,37393,40704,44564,50225,51039,54374,54841,54892,56330,56339,59227,60700,60707,60715,60750,60753,60773,60780,60806,60815,60823,60831,60835,60838,60854,60947,62887,64143,65015,65140,65833,68617,71349,73665,77991,77999,88293,92722,104734,105125,107970,119570,121750,131536,152946,154059,154101,154257,156419,157922,160052,175805,189914,441243,441300,444031,446987,657181,1548955,1549000,1549008,2733526,3005573,3052776,3086258,5282448,5312135,5324346,5361918,5362119,5362124,5388962,6602485,6857963,6914273,6918251,6918314,9838022/property/XLogP,TPSA,MolecularWeight,HBondDonorCount,HBondAcceptorCount,RotatableBondCount,HeavyAtomCount,Complexity,Charge,MolecularFormula,Title,InChIKey/JSON",200,43383,2026-10-09T18:08:04+00:00,True
"https://pubchem.ncbi.nlm.nih.gov/rest/pug/compound/cid/9930049,9941444,10077130,11467167,11504295,11519070,11597698,11658860,16130966,16132419,16132439,25126798,25244226,44564108,51537604,54671008,54677470,54682461,54726191,70695641/property/XLogP,TPSA,MolecularWeight,HBondDonorCount,HBondAcceptorCount,RotatableBondCount,HeavyAtomCount,Complexity,Charge,MolecularFormula,Title,InChIKey/JSON",200,8963,2026-10-09T18:08:06+00:00,True
"https://pubchem.ncbi.nlm.nih.gov/rest/pug/compound/cid/137,247,444,598,767,772,923,1004,1727,1775,1978,1983,2022,2082,2083,2088,2092,2094,2099,2118,2130,2153,2157,2159,2161,2162,2179,2182,2187,2216,2249,2265,2266,2267,2284,2351,2366,2369,2375,2405,2435,2441,2471,2474,2477,2478,2519,2520,2541,2554/SDF?record_type=3d",200,270158,2026-10-09T18:08:10+00:00,True
"https://pubchem.ncbi.nlm.nih.gov/rest/pug/compound/cid/2563,2568,2578,2585,2662,2708,2732,2749,2754,2756,2764,2771,2789,2801,2802,2803,2818,2882,2895,2907,2955,2973,3009,3016,3033,3042,3108,3121,3152,3157,3158,3261,3324,3331,3339,3345,3348,3356,3365,3380,3385,3386,3397,3415,3440,3446,3454,3463,3475,3476/SDF?record_type=3d",200,310334,2026-10-09T18:08:11+00:00,True
"https://pubchem.ncbi.nlm.nih.gov/rest/pug/compound/cid/3478,3494,3519,3559,3637,3639,3657,3661,3672,3676,3690,3696,3702,3715,3724,3730,3736,3738,3746,3749,3784,3826,3869,3878,3883,3899,3902,3948,3957,3958,3961,3964,4011,4033,4054,4075,4086,4091,4158,4170,4171,4173,4174,4178,4184,4189,4192,4195,4205,4212/SDF?record_type=3d",200,291385,2026-10-09T18:08:12+00:00,True
"https://pubchem.ncbi.nlm.nih.gov/rest/pug/compound/cid/4236,4274,4409,4436,4440,4449,4463,4485,4493,4497,4499,4510,4539,4583,4585,4594,4595,4610,4634,4674,4679,4725,4735,4740,4775,4828,4829,4845,4893,4932,4946,4991,4999,5002,5029,5035,5070,5071,5073,5078,5090,5095,5152,5212,5245,5253,5291,5358,5379,5381/SDF?record_type=3d",200,321044,2026-10-09T18:08:13+00:00,True
"https://pubchem.ncbi.nlm.nih.gov/rest/pug/compound/cid/5391,5394,5401,5403,5426,5453,5468,5479,5487,5526,5533,5556,5578,5583,5596,5625,5656,5665,5717,5719,5732,5734,5743,5754,5757,5771,5775,5852,5910,5953,5961,5988,5994,6005,6006,6013,6018,6057,6058,6167,6238,6251,6253,6268,6432,7187,7853,9444,9642,9651/SDF?record_type=3d",200,298770,2026-10-09T18:08:14+00:00,True
"https://pubchem.ncbi.nlm.nih.gov/rest/pug/compound/cid/10413,10531,10607,10631,10917,12035,12536,12749,13109,14969,16231,16362,16850,18283,18381,19090,20279,20469,21319,23951,23957,26757,27661,28417,29029,29327,30323,31101,31307,31401,31703,32797,33613,33624,33741,34312,35370,36294,36462,36523,37393,37464,37542,37720,39042,39147,39186,39860,40704,41684/SDF?record_type=3d",200,322763,2026-10-09T18:08:15+00:00,True
"https://pubchem.ncbi.nlm.nih.gov/rest/pug/compound/cid/41693,41781,41867,42113,42890,43672,43815,44257,44564,47319,47528,47641,47725,47811,50225,50599,51039,51263,51634,53232,54374,54454,54687,54746,54841,54892,55245,55283,55331,55891,56330,56339,56959,57363,57469,59227,59768,60164,60198,60464,60606,60648,60700,60707,60715,60750,60751,60753,60773,60774/SDF?record_type=3d",200,332493,2026-10-09T18:08:21+00:00,True
"https://pubchem.ncbi.nlm.nih.gov/rest/pug/compound/cid/60780,60795,60806,60815,60823,60825,60831,60835,60838,60843,60846,60852,60854,60855,60857,60871,60877,60947,60953,60961,62819,62887,62959,64139,64143,64147,64780,65015,65016,65028,65140,65492,65628,65833,65856,65866,65981,65999,68617,68740,68844,71158,71301,71329,71349,71360,71384,71386,71616,72165/SDF?record_type=3d",200,324842,2026-10-09T18:08:27+00:00,True
"https://pubchem.ncbi.nlm.nih.gov/rest/pug/compound/cid/73303,73665,74989,77991,77992,77993,77999,82146,82148,82153,83030,83898,84029,88293,89594,92253,92722,92974,104734,104741,104758,104799,104865,105125,107807,107970,108150,110634,110635,115237,115355,119182,119570,119607,121750,121892,123606,123631,124087,125017,126941,129211,129228,131536,132971,134018,134780,146570,148192,149096/SDF?record_type=3d",200,320952,2026-10-09T18:08:28+00:00,True
"https://pubchem.ncbi.nlm.nih.gov/rest/pug/compound/cid/150311,150610,151165,151171,152946,153941,153994,154059,154101,154257,156391,156419,157920,157922,158781,159269,160052,163091,166548,168708,170361,175805,176870,189914,193962,208898,208902,208908,213039,213046,216235,216237,216239,216326,216416,219024,219078,259331,387447,392622,439693,441243,441300,441335,441383,441401,443872,444031,444795,445643/SDF?record_type=3d",200,330365,2026-10-09T18:08:34+00:00,True
"https://pubchem.ncbi.nlm.nih.gov/rest/pug/compound/cid/446155,446156,446157,446541,446596,446987,447043,448812,449171,449193,451668,452548,460612,466146,468595,474409,644241,657181,657237,969472,1548943,1548955,1549000,1549008,2724385,2733526,2826718,3000226,3001028,3002190,3002977,3005573,3010818,3011155,3033637,3033825,3034010,3036505,3052762,3052776,3062316,3081361,3083544,3086258,3086674,4369359,4659569,5277135,5280453,5280754/SDF?record_type=3d",200,280998,2026-10-09T18:08:40+00:00,True
"https://pubchem.ncbi.nlm.nih.gov/rest/pug/compound/cid/5280954,5280965,5281004,5281006,5281037,5281040,5281071,5281081,5281104,5281107,5282226,5282379,5282381,5282411,5282448,5284513,5284537,5284543,5284566,5284569,5284570,5284583,5284594,5284603,5284616,5284627,5288169,5288826,5311027,5311065,5311068,5311101,5311221,5311309,5312125,5312135,5324346,5328940,5329098,5329102,5352019,5352062,5353562,5359476,5360373,5360515,5360696,5361092,5361918,5362070/SDF?record_type=3d",200,325513,2026-10-09T18:08:46+00:00,True
"https://pubchem.ncbi.nlm.nih.gov/rest/pug/compound/cid/5362119,5362124,5362129,5362420,5362440,5388906,5388962,5462337,5479530,5479537,5481173,5481350,5484727,5486971,5487301,5493381,5493444,5702160,5742832,6321408,6321411,6323490,6324671,6328144,6337614,6433212,6435378,6436173,6442177,6445540,6450551,6451164,6509979,6602291,6602485,6857963,6914273,6917715,6918140,6918155,6918251,6918289,6918314,6918456,6918493,6918537,6918554,6918558,6918638,6918670/SDF?record_type=3d",200,301561,2026-10-09T18:09:55+00:00,True
"https://pubchem.ncbi.nlm.nih.gov/rest/pug/compound/cid/9571107,9578005,9578572,9579578,9690109,9838022,9852981,9854073,9854489,9865528,9868491,9869929,9871419,9875401,9881504,9887712,9924495,9926791,9930049,9941444,9966051,10034073,10077130,10096344,10113978,10182969,10184653,10220503,10324367,10482134,11167602,11234049,11304743,11467167,11504295,11519070,11556711,11561674,11597698,11626560,11658860,11672602,11707110,11949646,12993649,13559281,14476155,15950376,15951529,16004692/SDF?record_type=3d",200,341204,2026-10-09T18:09:56+00:00,True
"https://pubchem.ncbi.nlm.nih.gov/rest/pug/compound/cid/16129665,16129672,16129682,16129688,16129690,16129703,16129704,16130199,16130966,16131215,16132265,16132419,16132439,16132441,16134956,16136245,16136912,16137271,16157882,16220172,23652731,24776445,24812758,24821094,24822371,24826799,24873435,24965990,25074470,25077649,25077993,25081014,25102847,25126798,25151504,25181561,25244226,42611257,44146714,44201342,44201343,44462760,44564108,44567678,45375808,51537604,53320414,54671008,54671203,54677470/SDF?record_type=3d",200,147410,2026-10-09T18:09:57+00:00,True
"https://pubchem.ncbi.nlm.nih.gov/rest/pug/compound/cid/54682461,54684141,54686904,54726191,70683012,70695641/SDF?record_type=3d",200,42315,2026-10-09T18:09:57+00:00,True
